{
  "norm_stats": {
    "state": {
      "mean": [
        0.4055688977241516,
        0.15688005089759827,
        0.11554490774869919,
        0.060004740953445435,
        -0.04198981821537018,
        0.07043902575969696,
        -0.3215622901916504,
        0.5961959958076477,
        -0.3158963918685913,
        0.1383655071258545,
        -0.12155178189277649,
        0.35371077060699463,
        0.1025710478425026,
        0.2827722728252411,
        -0.12234704196453094,
        0.2902418076992035,
        0.23910826444625854,
        0.3226128816604614,
        0.002262607915326953,
        0.6317245364189148,
        -0.1289248913526535,
        0.254339337348938,
        -0.11286549270153046,
        0.3093113303184509,
        -0.04987064749002457,
        0.16516543924808502
      ],
      "std": [
        0.04500439390540123,
        0.0897829458117485,
        0.07678663730621338,
        0.25515231490135193,
        0.08014586567878723,
        3.008605480194092,
        0.055236443877220154,
        0.23500187695026398,
        0.0747031420469284,
        0.05379621684551239,
        0.12825565040111542,
        0.1771710067987442,
        0.38482287526130676,
        0.26963216066360474,
        0.08216983824968338,
        0.07889354974031448,
        0.4427575170993805,
        0.31075695157051086,
        0.06898681074380875,
        0.39274999499320984,
        0.0000431583721365314,
        0.00033430333132855594,
        0.14740626513957977,
        0.07661247253417969,
        0.00005285799488774501,
        0.0
      ],
      "q01": [
        0.34085713946819307,
        0.05180879385173321,
        0.04906345445662737,
        -0.22729138325154782,
        -0.25057865862846374,
        -3.139060517692566,
        -0.4592897899448872,
        0.3399159610271454,
        -0.43651730831861496,
        0.05166124315261841,
        -0.2777922770857811,
        0.09204271245002747,
        -0.17963557693958282,
        0.08497793289422986,
        -0.22997652380093933,
        0.18817848890423775,
        -0.10905016071796417,
        0.07811597700417042,
        -0.12032011157870293,
        0.21829572319984436,
        -0.12898117405772208,
        0.25421799850463866,
        -0.2968117296695709,
        0.1955812813937664,
        -0.04995242670625448,
        0.1650892607331276
      ],
      "q99": [
        0.4543431382775307,
        0.2523868730224669,
        0.28664160015434026,
        0.3913881562978029,
        0.10177004504203796,
        3.1375311919212336,
        -0.2187604499876499,
        0.8621841670513153,
        -0.24159390647411344,
        0.1919715335845947,
        0.07997261008024215,
        0.6136464241445064,
        0.646530902481079,
        0.6644177173614502,
        -0.03389160223603249,
        0.5139778458386659,
        0.8409562018811703,
        0.7446025178954006,
        0.11989690134525299,
        1.1214178453147412,
        -0.12883644270300865,
        0.2561965738594532,
        0.06752380162477495,
        0.4560595726877451,
        -0.049817464739084244,
        0.1652126369535923
      ]
    },
    "actions": {
      "mean": [
        0.4050147533416748,
        0.1568295806646347,
        0.11543799191713333,
        0.06331189721822739,
        -0.03777376934885979,
        0.0705999881029129,
        -0.3271113336086273,
        0.6026425361633301,
        -0.3155020475387573,
        0.13862943649291992,
        -0.1163536086678505,
        0.3630266487598419,
        0.10257235169410706,
        0.28277361392974854,
        -0.12173372507095337,
        0.29924535751342773,
        0.23910853266716003,
        0.322613924741745,
        0.0029621836729347706,
        0.6407957673072815,
        -0.12892352044582367,
        0.2543403208255768,
        -0.10964282602071762,
        0.31857699155807495,
        -0.049871183931827545,
        0.1651642769575119
      ],
      "std": [
        0.04448554292321205,
        0.08973012864589691,
        0.07688008248806,
        0.25241026282310486,
        0.08274973928928375,
        3.008758544921875,
        0.05836199223995209,
        0.2301420122385025,
        0.07515636086463928,
        0.05410125479102135,
        0.13585861027240753,
        0.19017650187015533,
        0.38482192158699036,
        0.2696313261985779,
        0.082850381731987,
        0.08859727531671524,
        0.44275718927383423,
        0.3107561469078064,
        0.06933177262544632,
        0.3857610821723938,
        0.0000431583721365314,
        0.00031121945357881486,
        0.1443812996149063,
        0.08209298551082611,
        0.000026428997443872504,
        0.0
      ],
      "q01": [
        0.34085713946819307,
        0.05180879385173321,
        0.04677320736199617,
        -0.22754105215370654,
        -0.25050606927871705,
        -3.139060517692566,
        -0.4592897899448872,
        0.3399159610271454,
        -0.436616335439682,
        0.051588868319988254,
        -0.2783119115591049,
        0.09164378010630607,
        -0.17963557693958282,
        0.08497793289422986,
        -0.23024027365669608,
        0.18817848890423775,
        -0.10905016071796417,
        0.07811597700417042,
        -0.12027121741771699,
        0.21829572319984436,
        -0.12898117405772208,
        0.25421799850463866,
        -0.2968117296695709,
        0.19559245446622373,
        -0.04995242670625448,
        0.1650892607331276
      ],
      "q99": [
        0.4543431382775307,
        0.2523868730224669,
        0.2866404569372535,
        0.39088881849348545,
        0.10177004504203796,
        3.1375311919212336,
        -0.21865964137911795,
        0.8619749249815941,
        -0.22202193868160247,
        0.20539520861208438,
        0.1497127779483795,
        0.742473505949974,
        0.646530902481079,
        0.6644177173614502,
        -0.017708570288866743,
        0.5126016165077687,
        0.8409562018811703,
        0.7446025178954006,
        0.11989690134525299,
        1.1214178453147412,
        -0.12883847064971923,
        0.25616827892065047,
        0.06752380162477495,
        0.48992063343524933,
        -0.049818376204371455,
        0.16521255292892456
      ]
    }
  }
}