{
  "norm_stats": {
    "mano_urdf_dof": {
      "mean": [
        0.37033504247665405,
        0.14965632557868958,
        0.1029999703168869,
        -0.23049023747444153,
        0.030269289389252663,
        0.7229872941970825,
        -0.12593160569667816,
        0.4101867973804474,
        -0.1758989691734314,
        0.22058779001235962,
        0.0687059611082077,
        0.3498017191886902,
        0.1573561578989029,
        0.3140770196914673,
        0.021685229614377022,
        0.21506871283054352,
        0.21980640292167664,
        0.3022248446941376,
        0.03654524311423302,
        0.3025757372379303,
        0.07674477994441986,
        0.3800220489501953,
        -0.2912217080593109,
        0.3862582743167877,
        0.012101703323423862,
        0.19856251776218414
      ],
      "std": [
        0.10786747932434082,
        0.08329791575670242,
        0.08464064449071884,
        0.5544534921646118,
        0.2741335928440094,
        2.7363479137420654,
        0.18071725964546204,
        0.24236275255680084,
        0.15532706677913666,
        0.116681769490242,
        0.2635788023471832,
        0.34096625447273254,
        0.4424060583114624,
        0.31879037618637085,
        0.17424091696739197,
        0.27019110321998596,
        0.44389745593070984,
        0.3165229260921478,
        0.2064356803894043,
        0.3041823208332062,
        0.36562615633010864,
        0.2656588554382324,
        0.39612311124801636,
        0.35562950372695923,
        0.23748649656772614,
        0.17078092694282532
      ],
      "q01": [
        -0.00003399783931672812,
        -0.003791775816679027,
        -0.0005439159676432631,
        -2.534567712211609,
        -0.6324950048685073,
        -3.1302827700138094,
        -0.8717746640205384,
        -0.0028385793924332603,
        -0.4751675533294679,
        -0.0036363642930985485,
        -0.6479427106380462,
        -0.23742735204696663,
        -0.18447776679992645,
        -0.0022019263744352813,
        -0.3772787861824036,
        -0.29566151876449576,
        -0.11569614257812466,
        -0.0009313724517823196,
        -0.687076683139801,
        -0.25519432324171065,
        -0.13310800681114188,
        -0.002326421260833822,
        -2.038652368783951,
        -0.164212403345108,
        -0.13606064391136163,
        -0.0008031001091004519
      ],
      "q99": [
        0.5374366071894765,
        0.2796377530097961,
        0.345008440053463,
        0.6585003803253175,
        0.9253436722755435,
        3.1290258946418765,
        0.25385289201736416,
        0.9972722289562221,
        0.3759654424667356,
        0.6250353147506713,
        0.75278002448082,
        1.1884437886476515,
        1.2038189395904544,
        1.0531523396015166,
        0.4627936763763425,
        1.0168210763454435,
        1.2641115534782408,
        1.0373073787689213,
        0.48057087545394905,
        1.2468608379364015,
        1.1992868597507478,
        1.168461745262146,
        0.2715086317062383,
        1.3514517619371418,
        1.192606539487839,
        1.0231896517276757
      ]
    },
    "state": {
      "mean": [
        0.37033504247665405,
        0.14965632557868958,
        0.1029999703168869,
        -0.23049023747444153,
        0.030269289389252663,
        0.7229872941970825,
        -0.12593160569667816,
        0.4101867973804474,
        -0.1758989691734314,
        0.22058779001235962,
        0.0687059611082077,
        0.3498017191886902,
        0.1573561578989029,
        0.3140770196914673,
        0.021685229614377022,
        0.21506871283054352,
        0.21980640292167664,
        0.3022248446941376,
        0.03654524311423302,
        0.3025757372379303,
        0.07674477994441986,
        0.3800220489501953,
        -0.2912217080593109,
        0.3862582743167877,
        0.012101703323423862,
        0.19856251776218414
      ],
      "std": [
        0.10786747932434082,
        0.08329791575670242,
        0.08464064449071884,
        0.5544534921646118,
        0.2741335928440094,
        2.7363479137420654,
        0.18071725964546204,
        0.24236275255680084,
        0.15532706677913666,
        0.116681769490242,
        0.2635788023471832,
        0.34096625447273254,
        0.4424060583114624,
        0.31879037618637085,
        0.17424091696739197,
        0.27019110321998596,
        0.44389745593070984,
        0.3165229260921478,
        0.2064356803894043,
        0.3041823208332062,
        0.36562615633010864,
        0.2656588554382324,
        0.39612311124801636,
        0.35562950372695923,
        0.23748649656772614,
        0.17078092694282532
      ],
      "q01": [
        -0.00003399783931672812,
        -0.003791775816679027,
        -0.0005439159676432631,
        -2.534567712211609,
        -0.6324950048685073,
        -3.1302827700138094,
        -0.8717746640205384,
        -0.0028385793924332603,
        -0.4751675533294679,
        -0.0036363642930985485,
        -0.6479427106380462,
        -0.23742735204696663,
        -0.18447776679992645,
        -0.0022019263744352813,
        -0.3772787861824036,
        -0.29566151876449576,
        -0.11569614257812466,
        -0.0009313724517823196,
        -0.687076683139801,
        -0.25519432324171065,
        -0.13310800681114188,
        -0.002326421260833822,
        -2.038652368783951,
        -0.164212403345108,
        -0.13606064391136163,
        -0.0008031001091004519
      ],
      "q99": [
        0.5374366071894765,
        0.2796377530097961,
        0.345008440053463,
        0.6585003803253175,
        0.9253436722755435,
        3.1290258946418765,
        0.25385289201736416,
        0.9972722289562221,
        0.3759654424667356,
        0.6250353147506713,
        0.75278002448082,
        1.1884437886476515,
        1.2038189395904544,
        1.0531523396015166,
        0.4627936763763425,
        1.0168210763454435,
        1.2641115534782408,
        1.0373073787689213,
        0.48057087545394905,
        1.2468608379364015,
        1.1992868597507478,
        1.168461745262146,
        0.2715086317062383,
        1.3514517619371418,
        1.192606539487839,
        1.0231896517276757
      ]
    },
    "actions": {
      "mean": [
        0.37033504247665405,
        0.14965632557868958,
        0.1029999703168869,
        -0.23049023747444153,
        0.030269289389252663,
        0.7229872941970825,
        -0.12593160569667816,
        0.4101867973804474,
        -0.1758989691734314,
        0.22058779001235962,
        0.0687059611082077,
        0.3498017191886902,
        0.1573561578989029,
        0.3140770196914673,
        0.021685229614377022,
        0.21506871283054352,
        0.21980640292167664,
        0.3022248446941376,
        0.03654524311423302,
        0.3025757372379303,
        0.07674477994441986,
        0.3800220489501953,
        -0.2912217080593109,
        0.3862582743167877,
        0.012101703323423862,
        0.19856251776218414
      ],
      "std": [
        0.10786747932434082,
        0.08329791575670242,
        0.08464064449071884,
        0.5544534921646118,
        0.2741335928440094,
        2.7363479137420654,
        0.18071725964546204,
        0.24236275255680084,
        0.15532706677913666,
        0.116681769490242,
        0.2635788023471832,
        0.34096625447273254,
        0.4424060583114624,
        0.31879037618637085,
        0.17424091696739197,
        0.27019110321998596,
        0.44389745593070984,
        0.3165229260921478,
        0.2064356803894043,
        0.3041823208332062,
        0.36562615633010864,
        0.2656588554382324,
        0.39612311124801636,
        0.35562950372695923,
        0.23748649656772614,
        0.17078092694282532
      ],